company,form_url,status,missing_required
Booost株式会社,https://booost.inc/contact,no_form,company;name;email;message
Horizon-Head--Company,https://horizonhead.co.jp/contact/,missing_required,company
Kitamura--Company,https://ykaci.com/contact/,missing_required,company
YRSKコンサルティング,http://yrsk.jp/contact/,missing_required,company
かなえ経営株式会社,https://kanae-keiei.co.jp/contact/,missing_required,name
アクティヴァーチコンサルティング,https://activarch.co.jp/contact/,ok,
アールコンサルティング株式会社,https://www.r-consul.co.jp/inquiry/index.html,ok,
トリプルグッド株式会社,https://www.triplegood.co.jp/inquiry,missing_required,company;name
株式会社KANSOH,https://www.kan-so.co.jp/contact/,no_form,company;name;email;message
株式会社アクリア,https://www.aquria.co.jp/%e3%81%8a%e5%95%8f%e3%81%84%e5%90%88%e3%82%8f%e3%81%9b/,no_form,company;name;email;message
株式会社カサマ,https://www.tesagyou.jp/blog/contact/,ok,
株式会社コスモ経営,http://www.cosmo-m.jp/inquiry/,ok,
株式会社ソリューション,https://www.ricoh.co.jp/contact/pro-mail,no_form,company;name;email;message
株式会社フラッグシップ経営,https://flagship-keiei.co.jp/contact/,ok,
経営コンサルティングアソシエーション,https://www.attnoel.co.jp/contact/,ok,
